Media Filename,Media Caption
media/008D0C82-7152-466E-AE60-1929C8445FA9.jpg,""
media/BFF105C2-CB52-4938-9271-A6179EF9F78B.jpg,""
media/F3A3925A-B2EA-4D7B-8369-AE591BAF7388.jpg,""
media/4E4A406C-7D5A-4F79-A173-449C9BD7824B.jpg,""
media/F3EB055F-E6B8-4D59-8F35-0D93010BB141.jpg,""
media/E146F27F-698C-4062-BC6B-56F2AA7372E0.jpg,""
media/108E4DEE-41F5-4C24-92ED-5DF40A1B8A6A.jpg,""
media/C9056C83-0D43-49C0-9E83-79F3FF4C05AB.jpg,""
media/D5D8F28E-7829-443E-9257-ADF45A3638CE.jpg,""
media/B53E5A3D-08DB-48FD-A8C9-66C24B5B40C9.jpg,""
media/B9D6ED26-DC7F-48E7-8AAB-D760DBAB69AB.jpg,""
media/07A66700-F38A-4A2A-B809-B9E6AAAEA756.jpg,""
media/5302AD58-5548-481B-AC5C-94070BB2BEFB.jpg,""
media/EC944FB5-D2AF-4F62-9B94-F584B812FDD1.jpg,""
media/48DE5DEB-C92F-47DD-8777-0B29CAD60AA8.jpg,""
media/33141F68-8B65-4E8E-A520-82EB95C6A420.jpg,""
media/DA81AC40-9BA4-4EDA-83BF-0852476D5F36.jpg,""
media/A1D635DF-9649-4FF0-A69F-2E299F2E3350.jpg,""
