Reaction Date,Reaction Type,Parent Type,Parent ID
"Jan 18, 2026, 3:07:26 AM",Kudos,Activity,17087668956
"Jan 18, 2026, 3:30:29 AM",Kudos,Activity,17069204014
"Jan 18, 2026, 3:30:31 AM",Kudos,Activity,17087795321
"Mar 2, 2026, 3:54:37 PM",Kudos,Activity,17574149947
"Mar 14, 2026, 5:23:44 PM",Kudos,Activity,17715476019
"Apr 19, 2026, 12:32:46 PM",Kudos,Activity,18132227997
"Apr 21, 2026, 4:10:54 PM",Kudos,Activity,18187483838
"Apr 21, 2026, 4:11:01 PM",Kudos,Activity,18176241863
"Apr 23, 2026, 4:03:27 AM",Kudos,Activity,18180829363
"Apr 23, 2026, 4:03:33 AM",Kudos,Activity,18216598177
"Apr 23, 2026, 4:03:36 AM",Kudos,Activity,18214084385
"Apr 23, 2026, 4:03:42 AM",Kudos,Activity,18209934635
"Apr 26, 2026, 4:13:15 AM",Kudos,Activity,18253343970
"Apr 26, 2026, 2:01:54 PM",Kudos,Activity,18261317101
"Apr 27, 2026, 6:02:03 PM",Kudos,Activity,18281189106
"Apr 28, 2026, 7:46:41 PM",Kudos,Activity,18296629311
"Apr 30, 2026, 2:03:46 PM",Kudos,Activity,18318994891
"Apr 30, 2026, 2:04:56 PM",Kudos,Activity,18300921838
"May 2, 2026, 5:08:19 AM",Kudos,Activity,18327039097
"May 2, 2026, 2:02:10 PM",Kudos,Activity,18343838166
"May 3, 2026, 8:36:18 PM",Kudos,Activity,18353849799
"May 8, 2026, 4:12:43 PM",Kudos,Activity,18423092087
"May 8, 2026, 6:06:41 PM",Kudos,Activity,18424754609
"May 10, 2026, 6:27:28 PM",Kudos,Activity,18439093617
"May 10, 2026, 6:41:17 PM",Kudos,Activity,18451748101
"May 11, 2026, 6:44:26 PM",Kudos,Activity,18449526564
"May 12, 2026, 11:28:18 AM",Kudos,Activity,18475341796
"May 13, 2026, 2:55:40 PM",Kudos,Activity,18481181070
"May 13, 2026, 2:55:42 PM",Kudos,Activity,18485868441
"May 14, 2026, 9:06:58 AM",Kudos,Activity,18492907699
"May 17, 2026, 3:59:21 AM",Kudos,Activity,18536992925
"May 18, 2026, 7:42:27 AM",Kudos,Activity,18542502544
"May 19, 2026, 2:52:00 AM",Kudos,Activity,18562793534
"May 20, 2026, 11:55:01 PM",Kudos,Activity,18576834512
"May 20, 2026, 11:55:02 PM",Kudos,Activity,18571783333
"May 21, 2026, 12:16:44 AM",Kudos,Activity,18503672612
"May 22, 2026, 11:25:19 PM",Kudos,Activity,18603447348
"May 22, 2026, 11:25:22 PM",Kudos,Activity,18599485069
"May 25, 2026, 9:09:01 AM",Kudos,Activity,18629041812
"May 25, 2026, 9:10:29 AM",Kudos,Activity,18631516324
"May 25, 2026, 9:11:11 AM",Kudos,Activity,18619721759
"May 26, 2026, 6:22:04 PM",Kudos,Activity,18651279114
"May 27, 2026, 5:30:28 AM",Kudos,Activity,18669560639
"May 27, 2026, 6:26:11 PM",Kudos,Activity,18665396667
"May 27, 2026, 11:42:01 PM",Kudos,Activity,18679369516
"May 29, 2026, 4:08:51 AM",Kudos,Activity,18690742749
"May 30, 2026, 6:37:42 PM",Kudos,Activity,18716015042
"May 31, 2026, 10:43:45 AM",Kudos,Activity,18726403832
"Jun 2, 2026, 4:06:53 AM",Kudos,Activity,18739964294
"Jun 2, 2026, 6:45:28 AM",Kudos,Activity,18750442454
"Jun 2, 2026, 4:42:12 PM",Kudos,Activity,18753651690
"Jun 4, 2026, 4:03:08 AM",Kudos,Activity,18778755706
"Jun 4, 2026, 4:06:55 AM",Kudos,Activity,18761660125
"Jun 4, 2026, 4:07:13 AM",Kudos,Activity,18758831557
"Jun 4, 2026, 4:07:15 AM",Kudos,Activity,18773999668
"Jun 4, 2026, 4:07:21 AM",Kudos,Activity,18768713588
"Jun 4, 2026, 6:39:33 PM",Kudos,Activity,18787463912
"Jun 5, 2026, 12:42:05 PM",Kudos,Activity,18795159739
"Jun 7, 2026, 10:35:56 AM",Kudos,Activity,18821550700
"Jun 10, 2026, 4:00:56 AM",Kudos,Activity,18854693236
"Jun 10, 2026, 4:00:58 AM",Kudos,Activity,18840351709
"Jun 10, 2026, 4:01:03 AM",Kudos,Activity,18834804381
"Jun 12, 2026, 5:53:04 AM",Kudos,Activity,18882179658
"Jun 12, 2026, 3:06:40 PM",Kudos,Activity,18889580028
"Jun 16, 2026, 5:00:48 PM",Kudos,Activity,18919724732
"Jun 16, 2026, 5:00:57 PM",Kudos,Activity,18924576792
"Jun 17, 2026, 6:46:43 PM",Kudos,Activity,18956151079
"Jun 17, 2026, 6:47:18 PM",Kudos,Activity,18946507930
"Jun 20, 2026, 6:36:50 PM",Kudos,Activity,18989297238
"Jun 21, 2026, 5:22:53 AM",Kudos,Activity,18983408979
"Jun 21, 2026, 5:23:31 AM",Kudos,Activity,18989297260
"Jun 21, 2026, 5:23:38 AM",Kudos,Activity,18974134432
"Jun 21, 2026, 5:23:58 AM",Kudos,Activity,18966917774
"Jun 22, 2026, 3:57:43 AM",Kudos,Activity,19017203411
"Jun 22, 2026, 4:39:53 AM",Kudos,Activity,19010036438
"Jun 23, 2026, 6:07:29 AM",Kudos,Activity,19025926549
"Jun 24, 2026, 1:43:18 AM",Kudos,Activity,19034850025
"Jun 24, 2026, 1:43:33 AM",Kudos,Activity,19025933316
"Jun 24, 2026, 1:43:58 AM",Kudos,Post,46897527
"Jun 24, 2026, 4:01:19 AM",Kudos,Activity,19030088135
"Jun 26, 2026, 4:02:57 AM",Kudos,Activity,19068974566
"Jun 26, 2026, 4:15:16 AM",Kudos,Activity,19063073247
"Jun 26, 2026, 4:15:36 AM",Kudos,Activity,19047678854
"Jun 26, 2026, 4:15:43 AM",Kudos,Activity,19057061170
"Jun 26, 2026, 4:15:56 AM",Kudos,Activity,19051509407
"Jun 29, 2026, 7:33:57 AM",Kudos,Activity,19099603467
"Jun 29, 2026, 7:34:40 AM",Kudos,Activity,19101370557
"Jun 29, 2026, 7:34:52 AM",Kudos,Activity,19072095391
"Jun 29, 2026, 7:35:02 AM",Kudos,Activity,19093870123
"Jul 1, 2026, 3:35:24 PM",Kudos,Activity,19118163249
"Jul 1, 2026, 3:35:35 PM",Kudos,Activity,19111830903
"Jul 1, 2026, 3:35:40 PM",Kudos,Activity,19123578108
"Jul 3, 2026, 4:15:02 AM",Kudos,Activity,19158212649
"Jul 3, 2026, 6:39:08 PM",Kudos,Activity,19166661983
"Jul 3, 2026, 6:39:10 PM",Kudos,Activity,19166661947
"Jul 4, 2026, 2:32:49 PM",Kudos,Activity,19176316046
"Jul 4, 2026, 2:32:56 PM",Kudos,Activity,19173699266
"Jul 4, 2026, 6:13:54 PM",Kudos,Activity,19179507516
"Jul 5, 2026, 4:59:54 AM",Kudos,Activity,19183232805
"Jul 10, 2026, 10:41:02 AM",Kudos,Activity,19242359773
"Jul 10, 2026, 10:41:11 AM",Kudos,Activity,19223114448
"Jul 10, 2026, 10:41:23 AM",Kudos,Activity,19230438850
"Jul 11, 2026, 12:21:26 PM",Kudos,Activity,19266294846
"Jul 11, 2026, 12:21:41 PM",Kudos,Activity,19260175917
"Jul 13, 2026, 6:13:54 AM",Kudos,Activity,19284012794
"Jul 15, 2026, 5:01:21 PM",Kudos,Activity,19325176132
"Jul 17, 2026, 1:18:31 PM",Kudos,Activity,19305996971
"Jul 18, 2026, 5:19:51 AM",Kudos,Activity,19357557368
"Jul 19, 2026, 6:26:33 AM",Kudos,Activity,19359330522
"Jul 22, 2026, 7:23:33 AM",Kudos,Activity,19397601224
"Jul 22, 2026, 7:23:36 AM",Kudos,Activity,19398010329
"Jul 22, 2026, 7:23:38 AM",Kudos,Activity,19392021249
"Jul 24, 2026, 8:13:58 AM",Kudos,Activity,19426300987
"Jul 24, 2026, 8:14:15 AM",Kudos,Activity,19430658652
"Jul 24, 2026, 9:06:56 PM",Kudos,Activity,19450180206
"Jul 28, 2026, 4:51:58 PM",Kudos,Activity,19494935664
"Jul 30, 2026, 12:36:14 PM",Kudos,Activity,19526300967
"Jul 30, 2026, 12:36:28 PM",Kudos,Activity,19524207002
"Jul 30, 2026, 12:36:33 PM",Kudos,Activity,19523325805
"Jul 30, 2026, 12:36:42 PM",Kudos,Activity,19508974571
"Jul 31, 2026, 3:28:10 AM",Kudos,Activity,19530484354
"Aug 3, 2026, 3:36:03 PM",Kudos,Activity,19549937357
"Aug 8, 2026, 5:49:32 PM",Kudos,Activity,19650332293
"Aug 8, 2026, 5:49:41 PM",Kudos,Activity,19648528206
"Aug 12, 2026, 8:02:39 AM",Kudos,Activity,19675880668
"Aug 16, 2026, 5:12:05 AM",Kudos,Activity,19757500280
"Aug 16, 2026, 5:12:08 AM",Kudos,Activity,19747112041
"Aug 16, 2026, 5:12:11 AM",Kudos,Activity,19742392054
"Aug 17, 2026, 5:22:28 AM",Kudos,Activity,19772106218
"Aug 17, 2026, 5:22:42 AM",Kudos,Activity,19766936112
"Aug 19, 2026, 3:11:29 AM",Kudos,Activity,19803241865
"Aug 20, 2026, 5:03:20 AM",Kudos,Activity,19788248096
"Aug 26, 2026, 6:14:05 PM",Kudos,Activity,19887279346
"Aug 26, 2026, 6:14:08 PM",Kudos,Activity,19898539565
"Aug 26, 2026, 6:14:13 PM",Kudos,Activity,19869931779
"Mar 14, 2026, 3:57:24 PM",Like,Comment,2469797398
"Apr 23, 2026, 4:04:00 AM",Like,Comment,2518868879
"Apr 30, 2026, 2:03:40 PM",Like,Comment,2531124632
"May 2, 2026, 5:08:36 AM",Like,Comment,2532444149
"May 21, 2026, 12:16:41 AM",Like,Comment,2556708379
"Jun 2, 2026, 6:44:53 AM",Like,Comment,2575172406
